url,category
https://www.johnlewis.com/lg-oled55c54la-2025-oled-evo-hdr-4k-ultra-hd-smart-ai-tv-55-inch-with-dolby-atmos-dark-titan-silver/p113530623,tv
https://www.johnlewis.com/lg-oled65c54la-2025-oled-evo-hdr-4k-ultra-hd-smart-ai-tv-65-inch-with-dolby-atmos-dark-titan-silver/p113530624,tv
https://www.johnlewis.com/lg-oled65g54lw-2025-oled-evo-hdr-4k-ultra-hd-smart-ai-tv-65-inch-with-dolby-atmos-one-wall-design-satin-silver/p113362527,tv
https://www.johnlewis.com/samsung-the-frame-2025-qled-art-mode-smart-ai-tv-with-slim-fit-wall-mount-55-inch/p113562153,tv
https://www.johnlewis.com/samsung-ue50u8000f-2025-led-hdr-4k-ultra-hd-smart-tv-50-inch-black/p113625492,tv
https://www.johnlewis.com/samsung-ue43u8000f-2025-led-hdr-4k-ultra-hd-smart-tv-43-inch-black/p113625493,tv
https://www.johnlewis.com/samsung-qe55s90f-2025-oled-hdr-4k-ultra-hd-smart-ai-tv-55-inch-with-dolby-atmos-black/p113671308,tv
https://www.johnlewis.com/samsung-qe65s90f-2025-oled-hdr-4k-ultra-hd-smart-ai-tv-65-inch-with-dolby-atmos-black/p113671312,tv
https://www.johnlewis.com/lg-oled65g56ls-2025-oled-evo-hdr-4k-ultra-hd-smart-ai-tv-65-inch-with-dolby-atmos-stand-version-satin-silver/p113362528,tv
https://www.johnlewis.com/lg-oled55b56la-2025-oled-hdr-4k-ultra-hd-smart-ai-tv-55-inch-with-dolby-atmos-umber-brown/p113530627,tv
https://www.johnlewis.com/lg-oled65b56la-2025-oled-hdr-4k-ultra-hd-smart-ai-tv-65-inch-with-dolby-atmos-umber-brown/p113530628,tv
https://www.johnlewis.com/samsung-qe55q7f2a-2025-qled-hdr-4k-ultra-hd-smart-ai-tv-55-inch-black/p113670615,tv
https://www.johnlewis.com/sony-bravia-a90k-48-inch-oled-xr-hdr-4k-ultra-hd-smart-google-tv-with-youview-freesat-hd-dolby-atmos-xr48a90k/p6266151,tv
https://www.johnlewis.com/samsung-qe65qn73f-2025-neo-qled-mini-led-hdr-4k-ultra-hd-smart-ai-tv-65-inch-black/p113610723,tv
https://www.johnlewis.com/samsung-ue55u8000f-2025-led-hdr-4k-ultra-hd-smart-tv-55-inch-black/p113625494,tv
https://www.johnlewis.com/samsung-ue65u8000f-2025-led-hdr-4k-ultra-hd-smart-tv-65-inch-black/p113625495,tv
https://www.johnlewis.com/lg-oled77b56la-2025-oled-hdr-4k-ultra-hd-smart-ai-tv-77-inch-with-dolby-atmos-umber-brown/p113536858,tv
https://www.johnlewis.com/samsung-qe75qn73f-2025-neo-qled-mini-led-hdr-4k-ultra-hd-smart-ai-tv-75-inch-black/p113681011,tv
https://www.johnlewis.com/lg-oled42c54la-2025-oled-evo-hdr-4k-ultra-hd-smart-ai-tv-42-inch-with-dolby-atmos-dark-titan-silver/p113530622,tv
https://www.johnlewis.com/lg-oled77c54la-2025-oled-evo-hdr-4k-ultra-hd-smart-ai-tv-77-inch-with-dolby-atmos-dark-titan-silver/p113530625,tv
https://www.johnlewis.com/sony-bravia-8-ii-k65xr8m25bp-2025-qd-oled-hdr-4k-ultra-hd-smart-google-tv-65-inch-with-dolby-atmos-black/p113683786,tv
https://www.johnlewis.com/lg-oled48g56ls-2025-oled-evo-hdr-4k-ultra-hd-smart-ai-tv-48-inch-with-dolby-atmos-stand-version-black/p113460227,tv
https://www.johnlewis.com/lg-oled48c54la-2025-oled-evo-hdr-4k-ultra-hd-smart-ai-tv-48-inch-with-dolby-atmos-black/p113513363,tv
https://www.johnlewis.com/samsung-qe55s95f-2025-oled-hdr-4k-ultra-hd-smart-ai-tv-55-inch-with-dolby-atmos-infinity-one-design-with-one-connect-box-black/p113612563,tv
https://www.johnlewis.com/john-lewis-supima-cotton-regular-fit-crew-neck-t-shirt/black/p6030384,tshirt
https://www.johnlewis.com/carhartt-wip-short-sleeve-pocket-t-shirt/dark-navy/p6346614,tshirt
https://www.johnlewis.com/gant-regular-shield-short-sleeve-t-shirt/grey-melange/p110736208,tshirt
https://www.johnlewis.com/aubin-regular-fit-short-sleeve-logo-cotton-t-shirt/lilac/p113098317,tshirt
https://www.johnlewis.com/crew-clothing-crew-neck-cotton-t-shirt/dark-blue/p5611767,tshirt
https://www.johnlewis.com/john-lewis-crew-neck-cotton-t-shirt/jet-black/p113944854,tshirt
https://www.johnlewis.com/tommy-jeans-jersey-crew-neck-tee/white/p5143553,tshirt
https://www.johnlewis.com/barbour-essential-cotton-regular-fit-short-sleeve-t-shirt/dusty-mint/p114877836,tshirt
https://www.johnlewis.com/colorful-standard-regular-fit-short-sleeve-cotton-t-shirt/heather-grey/p114362304,tshirt
https://www.johnlewis.com/reiss-bless-cotton-crew-neck-t-shirt/dark-sage/p109932312,tshirt
https://www.johnlewis.com/polo-ralph-lauren-short-sleeve-custom-fit-crew-neck-t-shirt/white/p5291635,tshirt
https://www.johnlewis.com/polo-ralph-lauren-cotton-crew-neck-t-shirts-pack-of-3-multi/p113452540,tshirt
https://www.johnlewis.com/carhartt-wip-chase-short-sleeve-t-shirt/black/p5359569,tshirt
https://www.johnlewis.com/tommy-hilfiger-solid-regular-fit-tee/black/p112202305,tshirt
https://www.johnlewis.com/ted-baker-sionan-crew-neck-short-sleeve-cotton-t-shirt-navy/p114312853,tshirt
https://www.johnlewis.com/allsaints-tonic-organic-cotton-crew-t-shirt/black/p112626769,tshirt
https://www.johnlewis.com/john-lewis-supima-cotton-regular-fit-crew-neck-stripe-t-shirt/navy-egret/p113045375,tshirt
https://www.johnlewis.com/polo-ralph-lauren-cotton-custom-slim-fit-short-sleeve-t-shirt/isle-heather/p114419372,tshirt
https://www.johnlewis.com/aubin-buttermere-organic-cotton-regular-fit-long-sleeve-logo-t-shirt/navy/p113098303,tshirt
https://www.johnlewis.com/paul-smith-regular-fit-short-sleeve-zebra-logo-cotton-t-shirt-green/p114519772,tshirt
https://www.johnlewis.com/gant-cotton-regular-fit-short-sleeve-shield-t-shirt-dark-blue/p114622511,tshirt
https://www.johnlewis.com/polo-ralph-lauren-cotton-custom-slim-fit-short-sleeve-t-shirt/antique-cream/p114575638,tshirt
https://www.johnlewis.com/tommy-hilfiger-regular-fit-logo-cotton-t-shirt/blue/p113613256,tshirt
https://www.johnlewis.com/barbour-essential-cotton-regular-fit-short-sleeve-t-shirt/blue/p114877835,tshirt
